ID,Name,Score_A,Score_B
0,A,2.706849839399938,-0.8480769834036315
1,B,0.6281327087844596,0.6059653494949336
2,C,0.9079694464765431,-2.018168244037392
3,D,0.5038257538223936,0.7401220570561068
4,E,0.6511179479432686,0.5288134940893595
5,F,-0.31931804459303326,-0.5890005332865824
